{
    "loss": 1.1559112071990967,
    "accuracy": 0.8534482717514038
}