{
    "loss": 0.7871772050857544,
    "accuracy": 0.931034505367279
}